CODI_10;NOM_ENS;COMARCA
800180001;Ajuntament d'Abrera;Baix Llobregat
800230008;Ajuntament d'Aguilar de Segarra;Bages
800390004;Ajuntament d'Alella;Maresme
800440003;Ajuntament d'Alpens;Osona
800570005;Ajuntament de l'Ametlla del Vallès;Vallès Oriental
800600000;Ajuntament d'Arenys de Mar;Maresme
800760009;Ajuntament d'Arenys de Munt;Maresme
800820002;Ajuntament d'Argençola;Anoia
800950006;Ajuntament d'Argentona;Maresme
801090004;Ajuntament d'Artés;Bages
801160009;Ajuntament d'Avià;Berguedà
801210007;Ajuntament d'Avinyó;Bages
801370005;Ajuntament d'Avinyonet del Penedès;Alt Penedès
801420002;Ajuntament d'Aiguafreda;Vallès Oriental
808630008;Ajuntament de les Franqueses del Vallès;Vallès Oriental
4390390004;Ajuntament de Camarles;Baix Ebre
826650006;Ajuntament de Cerdanyola del Vallès;Vallès Occidental
801680001;Ajuntament de Bagà;Berguedà
801740003;Ajuntament de Balenyà;Osona
801800000;Ajuntament de Balsareny;Bages
801930008;Ajuntament de Barcelona;Barcelonès
802070005;Ajuntament de Begues;Baix Llobregat
802140003;Ajuntament de Bellprat;Anoia
802290004;Ajuntament de Berga;Berguedà
2502150006;Ajuntament d'Almenar;Segrià
4300690004;Ajuntament d'Aldover;Baix Ebre
8102280001;Consell Comarcal del Montsià;Montsià
802400000;Ajuntament de Borredà;Berguedà
802530008;Ajuntament del Bruc;Anoia
802660009;Ajuntament del Brull;Osona
802720002;Ajuntament de les Cabanyes;Alt Penedès
802880001;Ajuntament de Cabrera d'Anoia;Anoia
826340003;Ajuntament de Sant Vicenç dels Horts;Baix Llobregat
4390600000;Ajuntament de l'Ampolla;Baix Ebre
802910007;Ajuntament de Cabrera de Mar;Maresme
803050006;Ajuntament de Cabrils;Maresme
803120002;Ajuntament de Calaf;Anoia
803270005;Ajuntament de Caldes d'Estrac;Maresme
803330008;Ajuntament de Caldes de Montbui;Vallès Oriental
803480001;Ajuntament de Calders;Moianès
803510007;Ajuntament de Calella;Maresme
803640003;Ajuntament de Calonge de Segarra;Anoia
803700000;Ajuntament de Calldetenes;Osona
803860009;Ajuntament de Callús;Bages
803990004;Ajuntament de Campins;Vallès Oriental
804030008;Ajuntament de Canet de Mar;Maresme
804100000;Ajuntament de Canovelles;Vallès Oriental
804250006;Ajuntament de Cànoves i Samalús;Vallès Oriental
804310007;Ajuntament de Canyelles;Garraf
804460009;Ajuntament de Capellades;Anoia
804590004;Ajuntament de Capolat;Berguedà
804620002;Ajuntament de Cardedeu;Vallès Oriental
804780001;Ajuntament de Cardona;Bages
804840003;Ajuntament de Carme;Anoia
804970005;Ajuntament de Casserres;Berguedà
805000000;Ajuntament de Castellar del Riu;Berguedà
805170005;Ajuntament de Castellar del Vallès;Vallès Occidental
805220002;Ajuntament de Castellar de n'Hug;Berguedà
805380001;Ajuntament de Castellbell i el Vilar;Bages
805430008;Ajuntament de Castellbisbal;Vallès Occidental
805560009;Ajuntament de Castellcir;Moianès
805690004;Ajuntament de Castelldefels;Baix Llobregat
805750006;Ajuntament de Castell de l'Areny;Berguedà
805810007;Ajuntament de Castellet i la Gornal;Alt Penedès
805940003;Ajuntament de Castellfollit del Boix;Bages
806080001;Ajuntament de Castellfollit de Riubregós;Anoia
806150006;Ajuntament de Castellgalí;Bages
806200000;Ajuntament de Castellnou de Bages;Bages
806360009;Ajuntament de Castellolí;Anoia
806410007;Ajuntament de Castellterçol;Moianès
806540003;Ajuntament de Castellví de la Marca;Alt Penedès
806670005;Ajuntament de Castellví de Rosanes;Baix Llobregat
8100220002;Consell Comarcal de l'Alt Empordà;Alt Empordà
806730008;Ajuntament de Centelles;Osona
806890004;Ajuntament de Cervelló;Baix Llobregat
806920002;Ajuntament de Collbató;Baix Llobregat
807060009;Ajuntament de Collsuspina;Moianès
807130008;Ajuntament de Copons;Anoia
807280001;Ajuntament de Corbera de Llobregat;Baix Llobregat
807340003;Ajuntament de Cornellà de Llobregat;Baix Llobregat
4300430008;Ajuntament d'Alcanar;Montsià
807520002;Ajuntament de Dosrius;Maresme
807650006;Ajuntament d'Esparreguera;Baix Llobregat
807710007;Ajuntament d'Esplugues de Llobregat;Baix Llobregat
807870005;Ajuntament de l'Espunyola;Berguedà
807900000;Ajuntament de l'Estany;Moianès
808040003;Ajuntament de Fígols;Berguedà
808110007;Ajuntament de Fogars de Montclús;Vallès Oriental
808260009;Ajuntament de Fogars de la Selva;Selva
808320002;Ajuntament de Folgueroles;Osona
808470005;Ajuntament de Fonollosa;Bages
808500000;Ajuntament de Font-rubí;Alt Penedès
808790004;Ajuntament de Gallifa;Vallès Occidental
808850006;Ajuntament de la Garriga;Vallès Oriental
8100170005;Consell Comarcal de l'Alt Camp;Alt Camp
2512070005;Ajuntament de Lleida;Segrià
808980001;Ajuntament de Gavà;Baix Llobregat
809020002;Ajuntament de Gaià;Bages
809190004;Ajuntament de Gelida;Alt Penedès
809240003;Ajuntament de Gironella;Berguedà
809300000;Ajuntament de Gisclareny;Berguedà
809450006;Ajuntament de la Granada;Alt Penedès
809580001;Ajuntament de Granera;Moianès
809610007;Ajuntament de Granollers;Vallès Oriental
809770005;Ajuntament de Gualba;Vallès Oriental
809830008;Ajuntament de Sant Salvador de Guardiola;Bages
809960009;Ajuntament de Guardiola de Berguedà;Berguedà
810000000;Ajuntament de Gurb;Osona
810170005;Ajuntament de l'Hospitalet de Llobregat;Barcelonès
810220002;Ajuntament d'Igualada;Anoia
810380001;Ajuntament de Jorba;Anoia
810430008;Ajuntament de la Llacuna;Anoia
810560009;Ajuntament de la Llagosta;Vallès Oriental
810690004;Ajuntament de Llinars del Vallès;Vallès Oriental
810750006;Ajuntament de Lliçà d'Amunt;Vallès Oriental
810810007;Ajuntament de Lliçà de Vall;Vallès Oriental
810940003;Ajuntament de Lluçà;Osona
811080001;Ajuntament de Malgrat de Mar;Maresme
811150006;Ajuntament de Malla;Osona
811200000;Ajuntament de Manlleu;Osona
811360009;Ajuntament de Manresa;Bages
811410007;Ajuntament de Martorell;Baix Llobregat
811540003;Ajuntament de Martorelles;Vallès Oriental
811670005;Ajuntament de les Masies de Roda;Osona
811890004;Ajuntament del Masnou;Maresme
811920002;Ajuntament de Masquefa;Anoia
812060009;Ajuntament de Matadepera;Vallès Occidental
812130008;Ajuntament de Mataró;Maresme
812280001;Ajuntament de Mediona;Alt Penedès
812340003;Ajuntament de Molins de Rei;Baix Llobregat
812490004;Ajuntament de Mollet del Vallès;Vallès Oriental
812520002;Ajuntament de Montcada i Reixac;Vallès Occidental
4301360009;Ajuntament de l'Ametlla de Mar;Baix Ebre
812650006;Ajuntament de Montgat;Maresme
812710007;Ajuntament de Monistrol de Montserrat;Bages
4390440003;Ajuntament de l'Aldea;Baix Ebre
812870005;Ajuntament de Monistrol de Calders;Moianès
812900000;Ajuntament de Muntanyola;Osona
813040003;Ajuntament de Montclar;Berguedà
813110007;Ajuntament de Montesquiu;Osona
813260009;Ajuntament de Montmajor;Berguedà
813320002;Ajuntament de Montmaneu;Anoia
813470005;Ajuntament de Figaró-Montmany;Vallès Oriental
813500000;Ajuntament de Montmeló;Vallès Oriental
813630008;Ajuntament de Montornès del Vallès;Vallès Oriental
813790004;Ajuntament de Montseny;Vallès Oriental
813850006;Ajuntament de Moià;Moianès
813980001;Ajuntament de Mura;Bages
4312120002;Ajuntament de Rasquera;Ribera d'Ebre
814240003;Ajuntament de la Nou de Berguedà;Berguedà
814300000;Ajuntament d'Òdena;Anoia
814450006;Ajuntament d'Olvan;Berguedà
814580001;Ajuntament d'Olèrdola;Alt Penedès
814610007;Ajuntament d'Olesa de Bonesvalls;Alt Penedès
814770005;Ajuntament d'Olesa de Montserrat;Baix Llobregat
2524830008;Ajuntament de Vilanova de Bellpuig;Pla d'Urgell
1713520002;Ajuntament de Pont de Molins;Alt Empordà
8103040003;Consell Comarcal de la Ribera d'Ebre;Ribera d'Ebre
2591230008;Ajuntament de Gimenells i el Pla de la Font;Segrià
2509970005;Ajuntament de Golmés;Pla d'Urgell
814830008;Ajuntament d'Olivella;Garraf
814960009;Ajuntament d'Olost;Osona
815090004;Ajuntament d'Orís;Osona
815160009;Ajuntament d'Oristà;Osona
815210007;Ajuntament d'Orpí;Anoia
815370005;Ajuntament d'Òrrius;Maresme
815420002;Ajuntament de Pacs del Penedès;Alt Penedès
815550006;Ajuntament de Palafolls;Maresme
815680001;Ajuntament de Palau-solità i Plegamans;Vallès Occidental
815740003;Ajuntament de Pallejà;Baix Llobregat
815800000;Ajuntament del Papiol;Baix Llobregat
815930008;Ajuntament de Parets del Vallès;Vallès Oriental
816070005;Ajuntament de Perafita;Osona
816140003;Ajuntament de Piera;Anoia
816290004;Ajuntament dels Hostalets de Pierola;Anoia
816350006;Ajuntament de Pineda de Mar;Maresme
816400000;Ajuntament del Pla del Penedès;Alt Penedès
816530008;Ajuntament de la Pobla de Claramunt;Anoia
816660009;Ajuntament de la Pobla de Lillet;Berguedà
816720002;Ajuntament de Polinyà;Vallès Occidental
816880001;Ajuntament de Pontons;Alt Penedès
816910007;Ajuntament del Prat de Llobregat;Baix Llobregat
817050006;Ajuntament dels Prats de Rei;Anoia
817120002;Ajuntament de Prats de Lluçanès;Osona
817480001;Ajuntament de Puigdàlber;Alt Penedès
817510007;Ajuntament de Puig-reig;Berguedà
817640003;Ajuntament de Pujalt;Anoia
817700000;Ajuntament de la Quar;Berguedà
817860009;Ajuntament de Rajadell;Bages
8100810007;Consell Comarcal del Baix Camp;Baix Camp
817990004;Ajuntament de Rellinars;Vallès Occidental
818030008;Ajuntament de Ripollet;Vallès Occidental
818100000;Ajuntament de la Roca del Vallès;Vallès Oriental
818250006;Ajuntament del Pont de Vilomara i Rocafort;Bages
818310007;Ajuntament de Roda de Ter;Osona
818460009;Ajuntament de Rubí;Vallès Occidental
818590004;Ajuntament de Rubió;Anoia
818780001;Ajuntament de Sabadell;Vallès Occidental
818840003;Ajuntament de Sagàs;Berguedà
818970005;Ajuntament de Sant Pere Sallavinera;Anoia
819010007;Ajuntament de Saldes;Berguedà
819180001;Ajuntament de Sallent;Bages
819230008;Ajuntament de Santpedor;Bages
819390004;Ajuntament de Sant Iscle de Vallalta;Maresme
819440003;Ajuntament de Sant Adrià de Besòs;Barcelonès
819570005;Ajuntament de Sant Agustí de Lluçanès;Osona
819600000;Ajuntament de Sant Andreu de la Barca;Baix Llobregat
819760009;Ajuntament de Sant Andreu de Llavaneres;Maresme
819820002;Ajuntament de Sant Antoni de Vilamajor;Vallès Oriental
819950006;Ajuntament de Sant Bartomeu del Grau;Osona
820090004;Ajuntament de Sant Boi de Llobregat;Baix Llobregat
820160009;Ajuntament de Sant Boi de Lluçanès;Osona
820210007;Ajuntament de Sant Celoni;Vallès Oriental
820370005;Ajuntament de Sant Cebrià de Vallalta;Maresme
820550006;Ajuntament de Sant Cugat del Vallès;Vallès Occidental
820680001;Ajuntament de Sant Cugat Sesgarrigues;Alt Penedès
820740003;Ajuntament de Sant Esteve de Palautordera;Vallès Oriental
820930008;Ajuntament de Sant Fost de Campsentelles;Vallès Oriental
821140003;Ajuntament de Sant Feliu de Llobregat;Baix Llobregat
821290004;Ajuntament de Sant Feliu Sasserra;Bages
821350006;Ajuntament de Sant Fruitós de Bages;Bages
821400000;Ajuntament de Vilassar de Dalt;Maresme
821530008;Ajuntament de Sant Hipòlit de Voltregà;Osona
821660009;Ajuntament de Sant Jaume de Frontanyà;Berguedà
821880001;Ajuntament de Sant Joan de Vilatorrada;Bages
821910007;Ajuntament de Vilassar de Mar;Maresme
822050006;Ajuntament de Sant Julià de Vilatorta;Osona
822120002;Ajuntament de Sant Just Desvern;Baix Llobregat
822270005;Ajuntament de Sant Llorenç d'Hortons;Alt Penedès
822330008;Ajuntament de Sant Llorenç Savall;Vallès Occidental
822480001;Ajuntament de Sant Martí de Centelles;Osona
822510007;Ajuntament de Sant Martí d'Albars;Osona
822640003;Ajuntament de Sant Martí de Tous;Anoia
822700000;Ajuntament de Sant Martí Sarroca;Alt Penedès
822860009;Ajuntament de Sant Martí Sesgueioles;Anoia
822990004;Ajuntament de Sant Mateu de Bages;Bages
823030008;Ajuntament de Premià de Dalt;Maresme
8102340003;Consell Comarcal de la Noguera;Noguera
823100000;Ajuntament de Sant Pere de Ribes;Garraf
823310007;Ajuntament de Sant Pere de Torelló;Osona
823460009;Ajuntament de Sant Pere de Vilamajor;Vallès Oriental
823590004;Ajuntament de Sant Pol de Mar;Maresme
823620002;Ajuntament de Sant Quintí de Mediona;Alt Penedès
823780001;Ajuntament de Sant Quirze de Besora;Osona
823840003;Ajuntament de Sant Quirze del Vallès;Vallès Occidental
823970005;Ajuntament de Sant Quirze Safaja;Moianès
824010007;Ajuntament de Sant Sadurní d'Anoia;Alt Penedès
824180001;Ajuntament de Sant Sadurní d'Osormort;Osona
824230008;Ajuntament de Marganell;Bages
824390004;Ajuntament de Santa Cecília de Voltregà;Osona
824440003;Ajuntament de Santa Coloma de Cervelló;Baix Llobregat
824570005;Ajuntament de Santa Coloma de Gramenet;Barcelonès
824600000;Ajuntament de Santa Eugènia de Berga;Osona
824760009;Ajuntament de Santa Eulàlia de Riuprimer;Osona
824820002;Ajuntament de Santa Eulàlia de Ronçana;Vallès Oriental
824950006;Ajuntament de Santa Fe del Penedès;Alt Penedès
825080001;Ajuntament de Santa Margarida de Montbui;Anoia
825150006;Ajuntament de Santa Margarida i els Monjos;Alt Penedès
825200000;Ajuntament de Barberà del Vallès;Vallès Occidental
825360009;Ajuntament de Santa Maria de Besora;Osona
825410007;Ajuntament de l'Esquirol;Osona
825540003;Ajuntament de Santa Maria de Merlès;Berguedà
825670005;Ajuntament de Santa Maria de Martorelles;Vallès Oriental
825730008;Ajuntament de Santa Maria de Miralles;Anoia
825890004;Ajuntament de Santa Maria d'Oló;Moianès
825920002;Ajuntament de Santa Maria de Palautordera;Vallès Oriental
826060009;Ajuntament de Santa Perpètua de Mogoda;Vallès Occidental
8102710007;Consell Comarcal del Pla d'Urgell;Pla d'Urgell
826130008;Ajuntament de Santa Susanna;Maresme
826280001;Ajuntament de Sant Vicenç de Castellet;Bages
826490004;Ajuntament de Sant Vicenç de Montalt;Maresme
826520002;Ajuntament de Sant Vicenç de Torelló;Osona
826710007;Ajuntament de Sentmenat;Vallès Occidental
826870005;Ajuntament de Cercs;Berguedà
826900000;Ajuntament de Seva;Osona
827040003;Ajuntament de Sitges;Garraf
827110007;Ajuntament de Sobremunt;Osona
827260009;Ajuntament de Sora;Osona
827470005;Ajuntament de Súria;Bages
827500000;Ajuntament de Tavèrnoles;Osona
827630008;Ajuntament de Tagamanent;Vallès Oriental
827790004;Ajuntament de Talamanca;Bages
827850006;Ajuntament de Taradell;Osona
827980001;Ajuntament de Terrassa;Vallès Occidental
828020002;Ajuntament de Tavertet;Osona
828190004;Ajuntament de Teià;Maresme
828300000;Ajuntament de Tona;Osona
828450006;Ajuntament de Tordera;Maresme
828580001;Ajuntament de Torelló;Osona
828610007;Ajuntament de la Torre de Claramunt;Anoia
828770005;Ajuntament de Torrelavit;Alt Penedès
828960009;Ajuntament de Torrelles de Llobregat;Baix Llobregat
829000000;Ajuntament d'Ullastrell;Vallès Occidental
829170005;Ajuntament de Vacarisses;Vallès Occidental
829220002;Ajuntament de Vallbona d'Anoia;Anoia
829380001;Ajuntament de Vallcebre;Berguedà
829430008;Ajuntament de Vallgorguina;Vallès Oriental
829560009;Ajuntament de Vallirana;Baix Llobregat
829690004;Ajuntament de Vallromanes;Vallès Oriental
829750006;Ajuntament de Veciana;Anoia
829810007;Ajuntament de Vic;Osona
829940003;Ajuntament de Vilada;Berguedà
830080001;Ajuntament de Viladecavalls;Vallès Occidental
830150006;Ajuntament de Viladecans;Baix Llobregat
830200000;Ajuntament de Vilanova del Camí;Anoia
830360009;Ajuntament de Vilanova de Sau;Osona
830410007;Ajuntament de Vilobí del Penedès;Alt Penedès
830540003;Ajuntament de Vilafranca del Penedès;Alt Penedès
830670005;Ajuntament de Vilalba Sasserra;Vallès Oriental
830730008;Ajuntament de Vilanova i la Geltrú;Garraf
830890004;Ajuntament de Viver i Serrateix;Berguedà
890190004;Ajuntament de Rupit i Pruit;Osona
890240003;Ajuntament de Vilanova del Vallès;Vallès Oriental
890300000;Ajuntament de Sant Julià de Cerdanyola;Berguedà
8001760009;Diputació de Girona;Gironès
890450006;Ajuntament de Badia del Vallès;Vallès Occidental
890580001;Ajuntament de la Palma de Cervelló;Baix Llobregat
1700100000;Ajuntament d'Agullana;Alt Empordà
1700250006;Ajuntament d'Aiguaviva;Gironès
1700310007;Ajuntament d'Albanyà;Alt Empordà
1700460009;Ajuntament d'Albons;Baix Empordà
1700590004;Ajuntament del Far d'Empordà;Alt Empordà
1700620002;Ajuntament d'Alp;Cerdanya
1700780001;Ajuntament d'Amer;Selva
1700840003;Ajuntament d'Anglès;Selva
1700970005;Ajuntament d'Arbúcies;Selva
1701010007;Ajuntament d'Argelaguer;Garrotxa
1701180001;Ajuntament de l'Armentera;Alt Empordà
1701230008;Ajuntament d'Avinyonet de Puigventós;Alt Empordà
1701390004;Ajuntament de Begur;Baix Empordà
1701440003;Ajuntament de la Vajol;Alt Empordà
1701570005;Ajuntament de Banyoles;Pla de l'Estany
1701600000;Ajuntament de Bàscara;Alt Empordà
1701820002;Ajuntament de Bellcaire d'Empordà;Baix Empordà
1701950006;Ajuntament de Besalú;Garrotxa
1702090004;Ajuntament de Bescanó;Gironès
1702160009;Ajuntament de Beuda;Garrotxa
1702210007;Ajuntament de la Bisbal d'Empordà;Baix Empordà
1702370005;Ajuntament de Blanes;Selva
1702420002;Ajuntament de Bolvir;Cerdanya
1702550006;Ajuntament de Bordils;Gironès
1702680001;Ajuntament de Borrassà;Alt Empordà
1702800000;Ajuntament de Brunyola i Sant Martí Sapresa;Selva
1702930008;Ajuntament de Boadella i les Escaules;Alt Empordà
1703070005;Ajuntament de Cabanes;Alt Empordà
1703140003;Ajuntament de Cabanelles;Alt Empordà
1703290004;Ajuntament de Cadaqués;Alt Empordà
1703350006;Ajuntament de Caldes de Malavella;Selva
1703400000;Ajuntament de Calonge i Sant Antoni;Baix Empordà
1703530008;Ajuntament de Camós;Pla de l'Estany
1703660009;Ajuntament de Campdevànol;Ripollès
1703720002;Ajuntament de Campelles;Ripollès
1703880001;Ajuntament de Campllong;Gironès
1703910007;Ajuntament de Camprodon;Ripollès
1704050006;Ajuntament de Canet d'Adri;Gironès
1704120002;Ajuntament de Cantallops;Alt Empordà
1704270005;Ajuntament de Capmany;Alt Empordà
1704330008;Ajuntament de Queralbs;Ripollès
1704480001;Ajuntament de Cassà de la Selva;Gironès
1704640003;Ajuntament de Castellfollit de la Roca;Garrotxa
1704700000;Ajuntament de Castelló d'Empúries;Alt Empordà
1704860009;Ajuntament de Castell-Platja d'Aro;Baix Empordà
1705020002;Ajuntament de Cervià de Ter;Gironès
1705190004;Ajuntament de Cistella;Alt Empordà
1705240003;Ajuntament de Siurana;Alt Empordà
1705450006;Ajuntament de Colera;Alt Empordà
1705580001;Ajuntament de Colomers;Baix Empordà
1705610007;Ajuntament de Cornellà del Terri;Pla de l'Estany
1705770005;Ajuntament de Corçà;Baix Empordà
1705830008;Ajuntament de Crespià;Pla de l'Estany
1706000000;Ajuntament de Darnius;Alt Empordà
1706170005;Ajuntament de Das;Cerdanya
1706220002;Ajuntament de l'Escala;Alt Empordà
1706380001;Ajuntament d'Espinelves;Osona
1706430008;Ajuntament d'Espolla;Alt Empordà
1706560009;Ajuntament d'Esponellà;Pla de l'Estany
1706690004;Ajuntament de Figueres;Alt Empordà
1706750006;Ajuntament de Flaçà;Gironès
1706810007;Ajuntament de Foixà;Baix Empordà
1706940003;Ajuntament de Fontanals de Cerdanya;Cerdanya
1707080001;Ajuntament de Fontanilles;Baix Empordà
1707150006;Ajuntament de Fontcoberta;Pla de l'Estany
1707360009;Ajuntament de Fornells de la Selva;Gironès
1707410007;Ajuntament de Fortià;Alt Empordà
1707540003;Ajuntament de Garrigàs;Alt Empordà
1707670005;Ajuntament de Garrigoles;Baix Empordà
1707730008;Ajuntament de Garriguella;Alt Empordà
1707890004;Ajuntament de Ger;Cerdanya
1707920002;Ajuntament de Girona;Gironès
1708060009;Ajuntament de Gombrèn;Ripollès
1708130008;Ajuntament de Gualta;Baix Empordà
1708280001;Ajuntament de Guils de Cerdanya;Cerdanya
1708340003;Ajuntament d'Hostalric;Selva
1708490004;Ajuntament d'Isòvol;Cerdanya
1708650006;Ajuntament de la Jonquera;Alt Empordà
1708710007;Ajuntament de Juià;Gironès
1708870005;Ajuntament de Lladó;Alt Empordà
1708900000;Ajuntament de Llagostera;Gironès
1709040003;Ajuntament de Llambilles;Gironès
1709110007;Ajuntament de Llanars;Ripollès
1709260009;Ajuntament de Llançà;Alt Empordà
1709320002;Ajuntament de Llers;Alt Empordà
1709470005;Ajuntament de Llívia;Cerdanya
1709500000;Ajuntament de Lloret de Mar;Selva
1709630008;Ajuntament de les Llosses;Ripollès
1709790004;Ajuntament de Madremanya;Gironès
1709980001;Ajuntament de Meranges;Cerdanya
1710020002;Ajuntament de Masarac;Alt Empordà
1710190004;Ajuntament de Massanes;Selva
1710240003;Ajuntament de Maçanet de Cabrenys;Alt Empordà
1710300000;Ajuntament de Maçanet de la Selva;Selva
1710580001;Ajuntament de Mieres;Garrotxa
1710610007;Ajuntament de Mollet de Peralada;Alt Empordà
1710770005;Ajuntament de Molló;Ripollès
1710960009;Ajuntament de Montagut i Oix;Garrotxa
1711000000;Ajuntament de Mont-ras;Baix Empordà
1711170005;Ajuntament de Navata;Alt Empordà
1711220002;Ajuntament d'Ogassa;Ripollès
1711430008;Ajuntament d'Olot;Garrotxa
1711560009;Ajuntament d'Ordis;Alt Empordà
1711690004;Ajuntament d'Osor;Selva
1711750006;Ajuntament de Palafrugell;Baix Empordà
1711810007;Ajuntament de Palamós;Baix Empordà
1711940003;Ajuntament de Palau de Santa Eulàlia;Alt Empordà
1712080001;Ajuntament de Palau-saverdera;Alt Empordà
1712150006;Ajuntament de Palau-sator;Baix Empordà
1712360009;Ajuntament de Palol de Revardit;Pla de l'Estany
1712410007;Ajuntament de Pals;Baix Empordà
1712540003;Ajuntament de Pardines;Ripollès
1712670005;Ajuntament de Parlavà;Baix Empordà
1712890004;Ajuntament de Pau;Alt Empordà
1712920002;Ajuntament de Pedret i Marzà;Alt Empordà
1713060009;Ajuntament de la Pera;Baix Empordà
1713280001;Ajuntament de Peralada;Alt Empordà
1713340003;Ajuntament de les Planes d'Hostoles;Garrotxa
1713490004;Ajuntament de Planoles;Ripollès
1713650006;Ajuntament de Pontós;Alt Empordà
1713710007;Ajuntament de Porqueres;Pla de l'Estany
1713870005;Ajuntament de Portbou;Alt Empordà
1713900000;Ajuntament de les Preses;Garrotxa
1714040003;Ajuntament del Port de la Selva;Alt Empordà
1714110007;Ajuntament de Puigcerdà;Cerdanya
1714260009;Ajuntament de Quart;Gironès
1714320002;Ajuntament de Rabós;Alt Empordà
1714470005;Ajuntament de Regencós;Baix Empordà
1714500000;Ajuntament de Ribes de Freser;Ripollès
1714630008;Ajuntament de Riells i Viabrea;Selva
1714790004;Ajuntament de Ripoll;Ripollès
1714850006;Ajuntament de Riudarenes;Selva
1714980001;Ajuntament de Riudaura;Garrotxa
1715010007;Ajuntament de Riudellots de la Selva;Selva
1715180001;Ajuntament de Riumors;Alt Empordà
1715230008;Ajuntament de Roses;Alt Empordà
1715390004;Ajuntament de Rupià;Baix Empordà
1715440003;Ajuntament de Sales de Llierca;Garrotxa
1715570005;Ajuntament de Salt;Gironès
1715760009;Ajuntament de Sant Andreu Salou;Gironès
1715820002;Ajuntament de Sant Climent Sescebes;Alt Empordà
1715950006;Ajuntament de Sant Feliu de Buixalleu;Selva
1716090004;Ajuntament de Sant Feliu de Guíxols;Baix Empordà
1716160009;Ajuntament de Sant Feliu de Pallerols;Garrotxa
1716210007;Ajuntament de Sant Ferriol;Garrotxa
1716370005;Ajuntament de Sant Gregori;Gironès
1716420002;Ajuntament de Sant Hilari Sacalm;Selva
1716550006;Ajuntament de Sant Jaume de Llierca;Garrotxa
1716680001;Ajuntament de Sant Jordi Desvalls;Gironès
1716740003;Ajuntament de Sant Joan de les Abadesses;Ripollès
1716800000;Ajuntament de Sant Joan de Mollet;Gironès
1716930008;Ajuntament de Sant Julià de Ramis;Gironès
1717070005;Ajuntament de Vallfogona de Ripollès;Ripollès
1717140003;Ajuntament de Sant Llorenç de la Muga;Alt Empordà
1717290004;Ajuntament de Sant Martí de Llémena;Gironès
1717350006;Ajuntament de Sant Martí Vell;Gironès
1717400000;Ajuntament de Sant Miquel de Campmajor;Pla de l'Estany
1717530008;Ajuntament de Sant Miquel de Fluvià;Alt Empordà
8103320002;Consell Comarcal del Segrià;Segrià
1717660009;Ajuntament de Sant Mori;Alt Empordà
1717720002;Ajuntament de Sant Pau de Segúries;Ripollès
1717880001;Ajuntament de Sant Pere Pescador;Alt Empordà
1718050006;Ajuntament de Santa Coloma de Farners;Selva
1718120002;Ajuntament de Santa Cristina d'Aro;Baix Empordà
1718270005;Ajuntament de Santa Llogaia d'Àlguema;Alt Empordà
1718330008;Ajuntament de Sant Aniol de Finestres;Garrotxa
1718480001;Ajuntament de Santa Pau;Garrotxa
1718640003;Ajuntament de Sarrià de Ter;Gironès
1718700000;"Ajuntament de Saus;Camallera i Llampaies";Alt Empordà
1718860009;Ajuntament de la Selva de Mar;Alt Empordà
1718990004;Ajuntament de la Cellera de Ter;Selva
1719030008;Ajuntament de Serinyà;Pla de l'Estany
1719100000;Ajuntament de Serra de Daró;Baix Empordà
1719250006;Ajuntament de Setcases;Ripollès
1719310007;Ajuntament de Sils;Selva
1719460009;Ajuntament de Susqueda;Selva
1719590004;Ajuntament de la Tallada d'Empordà;Baix Empordà
1719620002;Ajuntament de Terrades;Alt Empordà
1719780001;Ajuntament de Torrent;Baix Empordà
1719840003;Ajuntament de Torroella de Fluvià;Alt Empordà
1719970005;Ajuntament de Torroella de Montgrí;Baix Empordà
1720010007;Ajuntament de Tortellà;Garrotxa
1720180001;Ajuntament de Toses;Ripollès
1720230008;Ajuntament de Tossa de Mar;Selva
1720390004;Ajuntament d'Ultramort;Baix Empordà
1720440003;Ajuntament d'Ullà;Baix Empordà
1720570005;Ajuntament d'Ullastret;Baix Empordà
1720600000;Ajuntament d'Urús;Cerdanya
1720760009;Ajuntament de la Vall d'en Bas;Garrotxa
1720820002;Ajuntament de la Vall de Bianya;Garrotxa
1720950006;Ajuntament de Vall-llobrega;Baix Empordà
1721090004;Ajuntament de Ventalló;Alt Empordà
1721160009;Ajuntament de Verges;Baix Empordà
1721210007;Ajuntament de Vidrà;Osona
1721370005;Ajuntament de Vidreres;Selva
1721420002;Ajuntament de Vilabertran;Alt Empordà
1721550006;Ajuntament de Vilablareix;Gironès
1721680001;Ajuntament de Viladasens;Gironès
1721740003;Ajuntament de Viladamat;Alt Empordà
1721800000;Ajuntament de Vilademuls;Pla de l'Estany
1722070005;Ajuntament de Viladrau;Osona
1722140003;Ajuntament de Vilafant;Alt Empordà
1722290004;Ajuntament de Vilaür;Alt Empordà
1722350006;Ajuntament de Vilajuïga;Alt Empordà
1722400000;Ajuntament de Vilallonga de Ter;Ripollès
1722530008;Ajuntament de Vilamacolum;Alt Empordà
1722660009;Ajuntament de Vilamalla;Alt Empordà
1722720002;Ajuntament de Vilamaniscle;Alt Empordà
1722880001;Ajuntament de Vilanant;Alt Empordà
1723050006;Ajuntament de Vila-sacra;Alt Empordà
1723270005;Ajuntament de Vilopriu;Baix Empordà
1723330008;Ajuntament de Vilobí d'Onyar;Selva
1723480001;Ajuntament de Biure;Alt Empordà
1790110007;"Ajuntament de Cruïlles;Monells i Sant Sadurní de l'Heura";Baix Empordà
1790260009;Ajuntament de Forallac;Baix Empordà
1790320002;Ajuntament de Sant Julià del Llor i Bonmatí;Selva
2500190004;Ajuntament d'Abella de la Conca;Pallars Jussà
2500240003;Ajuntament d'Àger;Noguera
2500300000;Ajuntament d'Agramunt;Urgell
2500450006;Ajuntament dels Alamús;Segrià
2500580001;Ajuntament d'Alàs i Cerc;Alt Urgell
2500610007;Ajuntament de l'Albagés;Garrigues
2500770005;Ajuntament d'Albatàrrec;Segrià
2500830008;Ajuntament d'Albesa;Noguera
2500960009;Ajuntament de l'Albi;Garrigues
2501000000;Ajuntament d'Alcanó;Segrià
2501220002;Ajuntament d'Alcoletge;Segrià
2501380001;Ajuntament d'Alfarràs;Segrià
2501430008;Ajuntament d'Alfés;Segrià
2501560009;Ajuntament d'Algerri;Noguera
2501690004;Ajuntament d'Alguaire;Segrià
2501750006;Ajuntament d'Alins;Pallars Sobirà
2501940003;Ajuntament d'Almacelles;Segrià
2502080001;Ajuntament d'Almatret;Segrià
2502200000;Ajuntament d'Alòs de Balaguer;Noguera
2502360009;Ajuntament d'Alpicat;Segrià
2502410007;Ajuntament d'Alt Àneu;Pallars Sobirà
2502540003;Ajuntament de Naut Aran;Aran
2502730008;Ajuntament d'Anglesola;Urgell
2502920002;Ajuntament d'Arbeca;Garrigues
2503060009;Ajuntament del Pont de Bar;Alt Urgell
2503130008;Ajuntament d'Arres;Aran
2503280001;Ajuntament d'Arsèguel;Alt Urgell
2503340003;Ajuntament d'Artesa de Lleida;Segrià
2503490004;Ajuntament d'Artesa de Segre;Noguera
2503520002;Ajuntament de la Sentiu de Sió;Noguera
2503650006;Ajuntament d'Aspa;Segrià
2503710007;Ajuntament de les Avellanes i Santa Linya;Noguera
2503870005;Ajuntament d'Aitona;Segrià
2503900000;Ajuntament de Baix Pallars;Pallars Sobirà
2504110007;Ajuntament de Barbens;Pla d'Urgell
2504260009;Ajuntament de la Baronia de Rialb;Noguera
2504320002;Ajuntament de la Vall de Boí;Alta Ribagorça
2504470005;Ajuntament de Bassella;Alt Urgell
2504500000;Ajuntament de Bausen;Aran
2504630008;Ajuntament de Belianes;Urgell
2504790004;Ajuntament de Bellcaire d'Urgell;Noguera
2504850006;Ajuntament de Bell-lloc d'Urgell;Pla d'Urgell
2504980001;Ajuntament de Bellmunt d'Urgell;Noguera
2505010007;Ajuntament de Bellpuig;Urgell
2505180001;Ajuntament de Bellver de Cerdanya;Cerdanya
2505230008;Ajuntament de Bellvís;Pla d'Urgell
2505390004;Ajuntament de Benavent de Segrià;Segrià
2505570005;Ajuntament de Biosca;Segarra
2505600000;Ajuntament de Bovera;Garrigues
2505760009;Ajuntament d'Es Bòrdes;Aran
2505950006;Ajuntament de Bossòst;Aran
2506090004;Ajuntament de Cabanabona;Noguera
2506160009;Ajuntament de Cabó;Alt Urgell
2506210007;Ajuntament de Camarasa;Noguera
2506370005;Ajuntament de Canejan;Aran
2506420002;Ajuntament de Castellar de la Ribera;Solsonès
2506740003;Ajuntament de Castelldans;Garrigues
2506800000;Ajuntament de Castellnou de Seana;Pla d'Urgell
2506930008;Ajuntament de Castelló de Farfanya;Noguera
2507070005;Ajuntament de Castellserà;Urgell
2507140003;Ajuntament de Cava;Alt Urgell
2507290004;Ajuntament de Cervera;Segarra
2507350006;Ajuntament de Cervià de les Garrigues;Garrigues
2507400000;Ajuntament de Ciutadilla;Urgell
2507530008;Ajuntament de Clariana de Cardener;Solsonès
2507660009;Ajuntament del Cogul;Garrigues
2507720002;Ajuntament de Coll de Nargó;Alt Urgell
2507880001;Ajuntament de Corbins;Segrià
2507910007;Ajuntament de Cubells;Noguera
2508120002;Ajuntament de l'Espluga Calba;Garrigues
2508270005;Ajuntament d'Espot;Pallars Sobirà
2508510007;Ajuntament d'Estaràs;Segarra
2508640003;Ajuntament d'Esterri d'Àneu;Pallars Sobirà
2508700000;Ajuntament d'Esterri de Cardós;Pallars Sobirà
2508860009;Ajuntament d'Estamariu;Alt Urgell
2508990004;Ajuntament de Farrera;Pallars Sobirà
2509250006;Ajuntament de la Floresta;Garrigues
2509310007;Ajuntament de Fondarella;Pla d'Urgell
2509460009;Ajuntament de Foradada;Noguera
2509780001;Ajuntament de Fulleda;Garrigues
2509840003;Ajuntament de Gavet de la Conca;Pallars Jussà
2510010007;Ajuntament de Gósol;Berguedà
2510180001;Ajuntament de la Granadella;Garrigues
2510230008;Ajuntament de la Granja d'Escarp;Segrià
2510390004;Ajuntament de Granyanella;Segarra
2510440003;Ajuntament de Granyena de Segarra;Segarra
2510570005;Ajuntament de Granyena de les Garrigues;Garrigues
2510950006;Ajuntament de Guimerà;Urgell
2511090004;Ajuntament de Guissona;Segarra
2511160009;Ajuntament de Guixers;Solsonès
2511210007;Ajuntament d'Ivars de Noguera;Noguera
2511370005;Ajuntament d'Ivars d'Urgell;Pla d'Urgell
2511420002;Ajuntament d'Ivorra;Segarra
2511550006;Ajuntament d'Isona i Conca Dellà;Pallars Jussà
2511800000;Ajuntament de Juncosa;Garrigues
2511930008;Ajuntament de Juneda;Garrigues
2512140003;Ajuntament de Les;Aran
2512290004;Ajuntament de Linyola;Pla d'Urgell
2512350006;Ajuntament de Lladorre;Pallars Sobirà
2512400000;Ajuntament de Lladurs;Solsonès
2512530008;Ajuntament de Llardecans;Segrià
2512660009;Ajuntament de Llavorsí;Pallars Sobirà
2512720002;Ajuntament de Lles de Cerdanya;Cerdanya
2512880001;Ajuntament de Llimiana;Pallars Jussà
2512910007;Ajuntament de Llobera;Solsonès
2513050006;Ajuntament de Maldà;Urgell
2513120002;Ajuntament de Massalcoreig;Segrià
2513270005;Ajuntament de Massoteres;Segarra
2513330008;Ajuntament de Maials;Segrià
2513480001;Ajuntament de Menàrguens;Noguera
2513510007;Ajuntament de Miralcamp;Pla d'Urgell
2513640003;Ajuntament de la Molsosa;Solsonès
2513700000;Ajuntament de Mollerussa;Pla d'Urgell
2513860009;Ajuntament de Montgai;Noguera
2513990004;Ajuntament de Montellà i Martinet;Cerdanya
2514030008;Ajuntament de Montferrer i Castellbò;Alt Urgell
2514100000;Ajuntament de Montoliu de Segarra;Segarra
2514250006;Ajuntament de Montoliu de Lleida;Segrià
2514310007;Ajuntament de Montornès de Segarra;Segarra
2514590004;Ajuntament de Nalec;Urgell
2514620002;Ajuntament de Navès;Solsonès
2514840003;Ajuntament d'Odèn;Solsonès
2514970005;Ajuntament d'Oliana;Alt Urgell
2515000000;Ajuntament d'Oliola;Noguera
2515170005;Ajuntament d'Olius;Solsonès
2515220002;Ajuntament de les Oluges;Segarra
2515380001;Ajuntament dels Omellons;Garrigues
2515430008;Ajuntament dels Omells de na Gaia;Urgell
2515560009;Ajuntament d'Organyà;Alt Urgell
2515690004;Ajuntament d'Os de Balaguer;Noguera
2515750006;Ajuntament d'Ossó de Sió;Urgell
2515810007;Ajuntament del Palau d'Anglesola;Pla d'Urgell
2516150006;Ajuntament de Conca de Dalt;Pallars Jussà
2516360009;Ajuntament de la Coma i la Pedra;Solsonès
2516410007;Ajuntament de Penelles;Noguera
2516540003;Ajuntament de Peramola;Alt Urgell
2516670005;Ajuntament de Pinell de Solsonès;Solsonès
2516730008;Ajuntament de Pinós;Solsonès
2516890004;Ajuntament del Poal;Pla d'Urgell
2516920002;Ajuntament de la Pobla de Cérvoles;Garrigues
2517060009;Ajuntament de Bellaguarda;Garrigues
2517130008;Ajuntament de la Pobla de Segur;Pallars Jussà
2517280001;Ajuntament de Ponts;Noguera
2517340003;Ajuntament del Pont de Suert;Alta Ribagorça
2517490004;Ajuntament de la Portella;Segrià
2517520002;Ajuntament de Prats i Sansor;Cerdanya
2517650006;Ajuntament de Preixana;Urgell
2517710007;Ajuntament de Preixens;Noguera
2517900000;Ajuntament de Prullans;Cerdanya
2518040003;Ajuntament de Puiggròs;Garrigues
2518110007;Ajuntament de Puigverd d'Agramunt;Urgell
2518260009;Ajuntament de Puigverd de Lleida;Segrià
2518320002;Ajuntament de Rialp;Pallars Sobirà
2518500000;Ajuntament de Ribera d'Urgellet;Alt Urgell
2518630008;Ajuntament de Riner;Solsonès
2518980001;Ajuntament de Rosselló;Segrià
2519020002;Ajuntament de Salàs de Pallars;Pallars Jussà
2519190004;Ajuntament de Sanaüja;Segarra
2519240003;Ajuntament de Sant Guim de Freixenet;Segarra
2519300000;Ajuntament de Sant Llorenç de Morunys;Solsonès
2519450006;Ajuntament de Sant Ramon;Segarra
2519610007;Ajuntament de Sant Esteve de la Sarga;Pallars Jussà
2519770005;Ajuntament de Sant Guim de la Plana;Segarra
2520000000;Ajuntament de Sarroca de Lleida;Segrià
2520170005;Ajuntament de Sarroca de Bellera;Pallars Jussà
2520220002;Ajuntament de Senterada;Pallars Jussà
2520380001;Ajuntament de la Seu d'Urgell;Alt Urgell
2520430008;Ajuntament de Seròs;Segrià
2520560009;Ajuntament de Sidamon;Pla d'Urgell
2520690004;Ajuntament del Soleràs;Garrigues
2520750006;Ajuntament de Solsona;Solsonès
2520810007;Ajuntament de Soriguera;Pallars Sobirà
2521080001;Ajuntament de Soses;Segrià
2521150006;Ajuntament de Sudanell;Segrià
2521200000;Ajuntament de Sunyer;Segrià
2521540003;Ajuntament de Talarn;Pallars Jussà
2521670005;Ajuntament de Talavera;Segarra
2521730008;Ajuntament de Tàrrega;Urgell
2521890004;Ajuntament de Tarrés;Garrigues
2521920002;Ajuntament de Tarroja de Segarra;Segarra
2522060009;Ajuntament de Térmens;Noguera
2522130008;Ajuntament de Tírvia;Pallars Sobirà
2522280001;Ajuntament de Tiurana;Noguera
2522340003;Ajuntament de Torà;Segarra
2522490004;Ajuntament dels Torms;Garrigues
2522520002;Ajuntament de Tornabous;Urgell
2522650006;Ajuntament de Torrebesses;Segrià
2522710007;Ajuntament de la Torre de Cabdella;Pallars Jussà
2522870005;Ajuntament de Torrefarrera;Segrià
2523040003;Ajuntament de Torregrossa;Pla d'Urgell
2523110007;Ajuntament de Torrelameu;Noguera
2523260009;Ajuntament de Torres de Segre;Segrià
2523320002;Ajuntament de Torre-serona;Segrià
2523470005;Ajuntament de Tremp;Pallars Jussà
2523850006;Ajuntament de Vallbona de les Monges;Urgell
2523980001;Ajuntament de les Valls de Valira;Alt Urgell
2524020002;Ajuntament de Vallfogona de Balaguer;Noguera
2524240003;Ajuntament de Verdú;Urgell
2524450006;Ajuntament de Vilagrassa;Urgell
2524580001;Ajuntament de Vilaller;Alta Ribagorça
2524770005;Ajuntament de Vilamòs;Aran
2524960009;Ajuntament de Vilanova de l'Aguda;Noguera
2525090004;Ajuntament de Vilanova de Meià;Noguera
2525160009;Ajuntament de Vilanova de Segrià;Segrià
2525210007;Ajuntament de Vila-sana;Pla d'Urgell
2525370005;Ajuntament del Vilosell;Garrigues
2525420002;Ajuntament de Vilanova de la Barca;Segrià
2525550006;Ajuntament de Vinaixa;Garrigues
2590100000;Ajuntament de Vall de Cardós;Pallars Sobirà
2590250006;Ajuntament de Sant Martí de Riucorb;Urgell
2590310007;Ajuntament de la Guingueta d'Àneu;Pallars Sobirà
2590460009;Ajuntament de Castell de Mur;Pallars Jussà
2590590004;Ajuntament de Ribera d'Ondara;Segarra
2590620002;Ajuntament de les Valls d'Aguilar;Alt Urgell
2590780001;Ajuntament de Torrefeta i Florejacs;Segarra
2590840003;Ajuntament de Fígols i Alinyà;Alt Urgell
2590970005;Ajuntament de la Vansa i Fórnols;Alt Urgell
2591010007;Ajuntament de Josa i Tuixén;Alt Urgell
2591180001;Ajuntament dels Plans de Sió;Segarra
2591390004;Ajuntament de Riu de Cerdanya;Cerdanya
4300170005;Ajuntament d'Aiguamúrcia;Alt Camp
4300220002;Ajuntament d'Albinyana;Baix Penedès
4300380001;Ajuntament de l'Albiol;Baix Camp
4300560009;Ajuntament d'Alcover;Alt Camp
4300750006;Ajuntament de l'Aleixar;Baix Camp
4300810007;Ajuntament d'Alfara de Carles;Baix Ebre
4300940003;Ajuntament d'Alforja;Baix Camp
4301080001;Ajuntament d'Alió;Alt Camp
4301150006;Ajuntament d'Almoster;Baix Camp
4301200000;Ajuntament d'Altafulla;Tarragonès
4301410007;Ajuntament d'Amposta;Montsià
4301540003;Ajuntament d'Arbolí;Baix Camp
4301670005;Ajuntament de l'Arboç;Baix Penedès
4301730008;Ajuntament de l'Argentera;Baix Camp
4301890004;Ajuntament d'Arnes;Terra Alta
4302060009;Ajuntament de Banyeres del Penedès;Baix Penedès
4302130008;Ajuntament de Barberà de la Conca;Conca de Barberà
4302280001;Ajuntament de Batea;Terra Alta
4302340003;Ajuntament de Bellmunt del Priorat;Priorat
4302490004;Ajuntament de Bellvei;Baix Penedès
4302650006;Ajuntament de Benissanet;Ribera d'Ebre
4302710007;Ajuntament de la Bisbal de Falset;Priorat
4302870005;Ajuntament de la Bisbal del Penedès;Baix Penedès
4302900000;Ajuntament de Blancafort;Conca de Barberà
4303040003;Ajuntament de Bonastre;Baix Penedès
4303110007;Ajuntament de les Borges del Camp;Baix Camp
4303260009;Ajuntament de Bot;Terra Alta
4303320002;Ajuntament de Botarell;Baix Camp
4303470005;Ajuntament de Bràfim;Alt Camp
4303500000;Ajuntament de Cabacés;Priorat
4303630008;Ajuntament de Cabra del Camp;Alt Camp
4303790004;Ajuntament de Calafell;Baix Penedès
4303850006;Ajuntament de Cambrils;Baix Camp
4303980001;Ajuntament de Capafonts;Baix Camp
4304020002;Ajuntament de Capçanes;Priorat
4304190004;Ajuntament de Caseres;Terra Alta
4304240003;Ajuntament de Castellvell del Camp;Baix Camp
4304300000;Ajuntament del Catllar;Tarragonès
4304450006;Ajuntament de la Sénia;Montsià
4304580001;Ajuntament de Colldejou;Baix Camp
4304610007;Ajuntament de Conesa;Conca de Barberà
4304770005;Ajuntament de Constantí;Tarragonès
4304830008;Ajuntament de Corbera d'Ebre;Terra Alta
4304960009;Ajuntament de Cornudella de Montsant;Priorat
4305090004;Ajuntament de Creixell;Tarragonès
4305210007;Ajuntament de Xerta;Baix Ebre
4305370005;Ajuntament de Duesaigües;Baix Camp
4305420002;Ajuntament de l'Espluga de Francolí;Conca de Barberà
4305550006;Ajuntament de Falset;Priorat
4305680001;Ajuntament de la Fatarella;Terra Alta
4305740003;Ajuntament de la Febró;Baix Camp
4305800000;Ajuntament de la Figuera;Priorat
4305930008;Ajuntament de Figuerola del Camp;Alt Camp
4306070005;Ajuntament de Flix;Ribera d'Ebre
4306140003;Ajuntament de Forès;Conca de Barberà
4306290004;Ajuntament de Freginals;Montsià
4306350006;Ajuntament de la Galera;Montsià
4306400000;Ajuntament de Gandesa;Terra Alta
4306530008;Ajuntament de Garcia;Ribera d'Ebre
4306660009;Ajuntament dels Garidells;Alt Camp
4306720002;Ajuntament de Ginestar;Ribera d'Ebre
4306880001;Ajuntament de Godall;Montsià
4306910007;Ajuntament de Gratallops;Priorat
4307050006;Ajuntament dels Guiamets;Priorat
4307120002;Ajuntament d'Horta de Sant Joan;Terra Alta
4307270005;Ajuntament del Lloar;Priorat
4307330008;Ajuntament de Llorac;Conca de Barberà
4307480001;Ajuntament de Llorenç del Penedès;Baix Penedès
4307510007;Ajuntament de Margalef;Priorat
4307640003;Ajuntament de Marçà;Priorat
4307700000;Ajuntament de Mas de Barberans;Montsià
4307860009;Ajuntament de Masdenverge;Montsià
4307990004;Ajuntament de Masllorenç;Baix Penedès
4308030008;Ajuntament de la Masó;Alt Camp
4308100000;Ajuntament de Maspujols;Baix Camp
4308250006;Ajuntament del Masroig;Priorat
4308310007;Ajuntament del Milà;Alt Camp
4308460009;Ajuntament de Miravet;Ribera d'Ebre
4308590004;Ajuntament del Molar;Priorat
4308620002;Ajuntament de Montblanc;Conca de Barberà
4308970005;Ajuntament de Montferri;Alt Camp
4309010007;Ajuntament del Montmell;Baix Penedès
4309180001;Ajuntament de Mont-ral;Alt Camp
4309230008;Ajuntament de Mont-roig del Camp;Baix Camp
4309390004;Ajuntament de Móra d'Ebre;Ribera d'Ebre
4309440003;Ajuntament de Móra la Nova;Ribera d'Ebre
4309570005;Ajuntament del Morell;Tarragonès
4309600000;Ajuntament de la Morera de Montsant;Priorat
4309760009;Ajuntament de la Nou de Gaià;Tarragonès
4309820002;Ajuntament de Nulles;Alt Camp
4309950006;Ajuntament de la Palma d'Ebre;Ribera d'Ebre
4310090004;Ajuntament dels Pallaresos;Tarragonès
4310160009;Ajuntament de Passanant i Belltall;Conca de Barberà
4310210007;Ajuntament de Paüls;Baix Ebre
4310370005;Ajuntament de Perafort;Tarragonès
4310420002;Ajuntament del Perelló;Baix Ebre
4310550006;Ajuntament de les Piles;Conca de Barberà
4310680001;Ajuntament del Pinell de Brai;Terra Alta
4310740003;Ajuntament de Pira;Conca de Barberà
4310800000;Ajuntament del Pla de Santa Maria;Alt Camp
4310930008;Ajuntament de la Pobla de Mafumet;Tarragonès
4311070005;Ajuntament de la Pobla de Massaluca;Terra Alta
4311140003;Ajuntament de la Pobla de Montornès;Tarragonès
4311290004;Ajuntament de Poboleda;Priorat
4311350006;Ajuntament del Pont d'Armentera;Alt Camp
4311400000;Ajuntament de Porrera;Priorat
4311530008;Ajuntament de Pradell de la Teixeta;Priorat
4311660009;Ajuntament de Prades;Baix Camp
4311880001;Ajuntament de Pratdip;Baix Camp
4311910007;Ajuntament de Puigpelat;Alt Camp
4312050006;Ajuntament de Querol;Alt Camp
4312270005;Ajuntament de Renau;Tarragonès
4312330008;Ajuntament de Reus;Baix Camp
4312480001;Ajuntament de la Riba;Alt Camp
4312510007;Ajuntament de Riba-roja d'Ebre;Ribera d'Ebre
4312640003;Ajuntament de la Riera de Gaià;Tarragonès
4312700000;Ajuntament de Riudecanyes;Baix Camp
4312860009;Ajuntament de Riudecols;Baix Camp
4312990004;Ajuntament de Riudoms;Baix Camp
4313030008;Ajuntament de Rocafort de Queralt;Conca de Barberà
4313100000;Ajuntament de Roda de Berà;Tarragonès
4313250006;Ajuntament de Rodonyà;Alt Camp
4313310007;Ajuntament de Roquetes;Baix Ebre
4313460009;Ajuntament del Rourell;Alt Camp
4313590004;Ajuntament de Salomó;Tarragonès
4313620002;Ajuntament de Sant Carles de la Ràpita;Montsià
4313780001;Ajuntament de Sant Jaume dels Domenys;Baix Penedès
4313840003;Ajuntament de Santa Bàrbara;Montsià
4314010007;Ajuntament de Santa Oliva;Baix Penedès
4314180001;Ajuntament de Pontils;Conca de Barberà
4314230008;Ajuntament de Sarral;Conca de Barberà
4314390004;Ajuntament de Savallà del Comtat;Conca de Barberà
4314440003;Ajuntament de la Secuita;Tarragonès
4314570005;Ajuntament de la Selva del Camp;Baix Camp
4314600000;Ajuntament de Senan;Conca de Barberà
4314760009;Ajuntament de Solivella;Conca de Barberà
4314820002;Ajuntament de Tarragona;Tarragonès
4314950006;Ajuntament de Tivenys;Baix Ebre
4315080001;Ajuntament de Tivissa;Ribera d'Ebre
4315360009;Ajuntament de Torredembarra;Tarragonès
8100430008;Consell Comarcal de l'Alt Urgell;Alt Urgell
8002550006;Diputació de Lleida;Segrià
8101410007;Consell Comarcal del Berguedà;Berguedà
4317320002;Ajuntament de la Vilella Alta;Priorat
4316130008;Ajuntament de Valls;Alt Camp
8103500000;Consell Comarcal del Solsonès;Solsonès
8103470005;Consell Comarcal de la Selva;Selva
8103110007;Consell Comarcal del Ripollès;Ripollès
8102130008;Consell Comarcal del Maresme;Maresme
8000840003;Diputació de Barcelona;Barcelonès
8102490004;Consell Comarcal d'Osona;Osona
8101890004;Consell Comarcal de les Garrigues;Garrigues
8104190004;Consell Comarcal del Vallès Oriental;Vallès Oriental
7000990004;Entitat Municipal Descentralitzada d'Ars;Alt Urgell
4390230008;Ajuntament de Sant Jaume d'Enveja;Montsià
8101730008;Consell Comarcal del Garraf;Garraf
4316870005;Ajuntament de Vilanova de Prades;Conca de Barberà
8102060009;Consell Comarcal del Gironès;Gironès
4315540003;Ajuntament de Tortosa;Baix Ebre
4316710007;Ajuntament de Vilanova d'Escornalbou;Baix Camp
8104020002;Consell Comarcal del Vallès Occidental;Vallès Occidental
8101080001;Consell Comarcal del Baix Empordà;Baix Empordà
8103850006;Consell Comarcal de l'Urgell;Urgell
4316060009;Ajuntament de Vallmoll;Alt Camp
7001100000;Entitat Municipal Descentralitzada d'Asnurri;Alt Urgell
8104240003;Consell Comarcal del Moianès;Moianès
8103980001;Conselh Generau d'Aran;Aran
4317110007;Ajuntament de Vila-seca;Tarragonès
8101150006;Consell Comarcal del Baix Llobregat;Baix Llobregat
8101670005;Consell Comarcal de la Conca de Barberà;Conca de Barberà
8004330008;Diputació de Tarragona;Tarragonès
7002570005;Entitat Municipal Descentralitzada de Gausac;Aran
4390570005;Ajuntament de Salou;Tarragonès
4316900000;Ajuntament de Vilaplana;Baix Camp
8102870005;Consell Comarcal del Pla de l'Estany;Pla de l'Estany
8101540003;Consell Comarcal de la Cerdanya;Cerdanya
4316490004;Ajuntament de Vespella de Gaià;Tarragonès
4315150006;Ajuntament de la Torre de Fontaubella;Priorat
4390760009;Ajuntament de la Canonja;Tarragonès
8102900000;Consell Comarcal del Priorat;Priorat
8101200000;Consell Comarcal del Baix Penedès;Baix Penedès
8101920002;Consell Comarcal de la Garrotxa;Garrotxa
4316650006;Ajuntament de Vilallonga del Camp;Tarragonès
7003930008;Entitat Municipal Descentralitzada de Santa Maria de Meià;Noguera
4316340003;Ajuntament del Vendrell;Baix Penedès
7007170005;Entitat Municipal Descentralitzada de Bellaterra;Vallès Occidental
4317630008;Ajuntament de Vimbodí i Poblet;Conca de Barberà
8100750006;Consell Comarcal del Bages;Bages
8102650006;Consell Comarcal del Pallars Sobirà;Pallars Sobirà
8103260009;Consell Comarcal de la Segarra;Segarra
8103790004;Consell Comarcal de la Terra Alta;Terra Alta
4317850006;Ajuntament de Vinyols i els Arcs;Baix Camp
4317040003;Ajuntament de Vila-rodona;Alt Camp
4317260009;Ajuntament de Vilaverd;Conca de Barberà
4315670005;Ajuntament d'Ulldecona;Montsià
7000120002;Entitat Municipal Descentralitzada d'Ainet de Besan;Pallars Sobirà
7000860009;Entitat Municipal Descentralitzada d'Arròs e Vila;Aran
4315730008;Ajuntament d'Ulldemolins;Priorat
7004070005;Entitat Municipal Descentralitzada de Sellui;Pallars Sobirà
4315410007;Ajuntament de Torroja del Priorat;Priorat
7002010007;Entitat Municipal Descentralitzada de Civís;Alt Urgell
7007690004;Entitat Municipal Descentralitzada de l'Estartit;Baix Empordà
7002820002;Entitat Municipal Descentralitzada de la Guàrdia d'Ares;Alt Urgell
4316520002;Ajuntament de Vilabella;Alt Camp
4390180001;Ajuntament de Deltebre;Baix Ebre
7006830008;Entitat Municipal Descentralitzada de Tornafort;Pallars Sobirà
8100940003;Consell Comarcal del Baix Ebre;Baix Ebre
7001590004;Entitat Municipal Descentralitzada de Bescaran;Alt Urgell
8100560009;Consell Comarcal de l'Alta Ribagorça;Alta Ribagorça
7000510007;Entitat Municipal Descentralitzada d'Arestui;Pallars Sobirà
4316280001;Ajuntament de Vandellòs i l'Hospitalet de l'Infant;Baix Camp
7001030008;Entitat Municipal Descentralitzada d'Arties e Garòs;Aran
7007380001;Entitat Municipal Descentralitzada de Campredó;Baix Ebre
4317470005;Ajuntament de la Vilella Baixa;Priorat
8102520002;Consell Comarcal del Pallars Jussà;Pallars Jussà
7000640003;Entitat Municipal Descentralitzada d'Àreu;Pallars Sobirà
7007000000;Entitat Municipal Descentralitzada del Talladell;Urgell
4317500000;Ajuntament de Vilalba dels Arcs;Terra Alta
7002440003;Entitat Municipal Descentralitzada de Fontllonga i Ametlla;Noguera
7007750006;Entitat Municipal Descentralitzada de Sant Miquel de Balenyà;Osona
7004350006;Entitat Municipal Descentralitzada de Sucs;Segrià
7005040003;Entitat Municipal Descentralitzada de Víllec i Estana;Cerdanya
7004720002;Entitat Municipal Descentralitzada de Vila i Vall de Castellbò;Alt Urgell
7007220002;Entitat Municipal Descentralitzada de Bítem;Baix Ebre
7003800000;Entitat Municipal Descentralitzada de Sant Martí de Torroella;Bages
7004140003;Entitat Municipal Descentralitzada de Senet;Alta Ribagorça
7002390004;Entitat Municipal Descentralitzada d'Espui;Pallars Jussà
7002230008;Entitat Municipal Descentralitzada d'Escunhau e Casarilh;Aran
7001780001;Entitat Municipal Descentralitzada de Canalda;Solsonès
7006450006;Entitat Municipal Descentralitzada de Sorpe;Pallars Sobirà
7000700000;Entitat Municipal Descentralitzada d'Arró;Aran
7004400000;Entitat Municipal Descentralitzada de Taús;Alt Urgell
7006580001;Entitat Municipal Descentralitzada d'Unha;Aran
4315200000;Ajuntament de la Torre de l'Espanyol;Ribera d'Ebre
7004530008;Entitat Municipal Descentralitzada de Tredòs;Aran
7001250006;Entitat Municipal Descentralitzada d'Aubèrt e Betlan;Aran
7003160009;Entitat Municipal Descentralitzada de Montenartró;Pallars Sobirà
7000480001;Entitat Municipal Descentralitzada d'Arcavell i la Farga de Moles;Alt Urgell
4315890004;Ajuntament de Vallclara;Conca de Barberà
7001970005;Entitat Municipal Descentralitzada de Casau;Aran
7003420002;Entitat Municipal Descentralitzada de Pi;Cerdanya
7005110007;Entitat Municipal Descentralitzada de Jesús;Baix Ebre
7004660009;Entitat Municipal Descentralitzada de Valldoreix;Vallès Occidental
7004290004;Entitat Municipal Descentralitzada de Sossís;Pallars Jussà
7002180001;Entitat Municipal Descentralitzada de Durro i Saraís;Alta Ribagorça
4315920002;Ajuntament de Vallfogona de Riucorb;Conca de Barberà
7001310007;Entitat Municipal Descentralitzada de Bagergue;Aran
7002950006;Entitat Municipal Descentralitzada de Josa de Cadí;Alt Urgell
7000270005;Entitat Municipal Descentralitzada d'Arànser;Cerdanya
7003210007;Entitat Municipal Descentralitzada dels Muntells;Montsià
7001460009;Entitat Municipal Descentralitzada de Baiasca;Pallars Sobirà
7004880001;Entitat Municipal Descentralitzada de Vilac;Aran
7006770005;Entitat Municipal Descentralitzada de Rocallaura;Urgell
7006960009;Entitat Municipal Descentralitzada de Seana;Urgell
7006240003;Entitat Municipal Descentralitzada de Picamoixons;Alt Camp
7001620002;Entitat Municipal Descentralitzada de Betren;Aran
7007560009;Entitat Municipal Descentralitzada de Baldomar;Noguera
7006300000;Entitat Municipal Descentralitzada d'Isil i Alós;Pallars Sobirà
7007430008;Entitat Municipal Descentralitzada de la Serra d'Almos;Ribera d'Ebre
7002600000;Entitat Municipal Descentralitzada de Gerb;Noguera
7002760009;Entitat Municipal Descentralitzada de Gessa;Aran
7003550006;Entitat Municipal Descentralitzada del Pla de la Font;Segrià
7006610007;Entitat Municipal Descentralitzada de Raimat;Segrià
7004910007;Entitat Municipal Descentralitzada de Vilamitjana;Pallars Jussà
7003370005;Entitat Municipal Descentralitzada d'Os de Civís;Alt Urgell
7003740003;Entitat Municipal Descentralitzada de Sant Joan Fumat;Alt Urgell
7000330008;Entitat Municipal Descentralitzada d'Araós;Pallars Sobirà
7003090004;Entitat Municipal Descentralitzada de Manyanet;Pallars Jussà
1708520002;Ajuntament de Jafre;Baix Empordà
4311720002;Ajuntament de Prat de Comte;Terra Alta
2501170005;Ajuntament d'Alcarràs;Segrià
817270005;Ajuntament de Premià de Mar;Maresme
814190004;Ajuntament de Navàs;Bages
2509620002;Ajuntament de la Fuliola;Urgell
1702740003;Ajuntament de Breda;Selva
4301920002;Ajuntament d'Ascó;Ribera d'Ebre
1704990004;Ajuntament de Celrà;Gironès
823250006;Ajuntament de Sant Pere de Riudebitlles;Alt Penedès
1709850006;Ajuntament de Maià de Montcal;Garrotxa
1718510007;Ajuntament de Sant Joan les Fonts;Garrotxa
807490004;Ajuntament de Cubelles;Garraf
2520940003;Ajuntament de Sort;Pallars Sobirà
4302520002;Ajuntament de Benifallet;Baix Ebre
4308840003;Ajuntament de Montbrió del Camp;Baix Camp
811730008;Ajuntament de les Masies de Voltregà;Osona
828830008;Ajuntament de Torrelles de Foix;Alt Penedès
4305160009;Ajuntament de Cunit;Baix Penedès
802350006;Ajuntament de Bigues i Riells del Fai;Vallès Oriental
814020002;Ajuntament de Navarcles;Bages
827320002;Ajuntament de Subirats;Alt Penedès
8100380001;Consell Comarcal de l'Alt Penedès;Alt Penedès
4317790004;Ajuntament de Vinebre;Ribera d'Ebre
2504040003;Ajuntament de Balaguer;Noguera
2524300000;Ajuntament de Vielha e Mijaran;Aran
828240003;Ajuntament de Tiana;Maresme
8103630008;Consell Comarcal del Tarragonès;Tarragonès
821070005;Ajuntament de Sant Feliu de Codines;Vallès Oriental
821720002;Ajuntament de Sant Joan Despí;Baix Llobregat
820800000;Ajuntament de Sant Esteve Sesrovires;Baix Llobregat
8100690004;Consell Comarcal de l'Anoia;Anoia
4313970005;Ajuntament de Santa Coloma de Queralt;Conca de Barberà
2505820002;Ajuntament de les Borges Blanques;Garrigues
820420002;Ajuntament de Sant Climent de Llobregat;Baix Llobregat
801550006;Ajuntament de Badalona;Barcelonès
